{
    "Auvergne-Rhône-Alpes": {"Nombre": 1955, "Ratio": 0.13010781312391853},
    "Occitanie": {"Nombre": 1896, "Ratio": 0.1261812857713297},
    "Nouvelle-Aquitaine": {"Nombre": 1818, "Ratio": 0.12099028350858512},
    "Grand Est": {"Nombre": 1783, "Ratio": 0.11866098762145615},
    "Bourgogne-Franche-Comté": {"Nombre": 1320, "Ratio": 0.08784773060029283},
    "Hauts-de-France": {"Nombre": 1077, "Ratio": 0.07167576201251165},
    "Centre-Val de Loire": {"Nombre": 924, "Ratio": 0.06149341142020498},
    "Pays de la Loire": {"Nombre": 804, "Ratio": 0.05350725409290563},
    "Normandie": {"Nombre": 780, "Ratio": 0.05191002262744576},
    "Bretagne": {"Nombre": 704, "Ratio": 0.04685212298682284},
    "Île-de-France": {"Nombre": 615, "Ratio": 0.04092905630240916},
    "Provence-Alpes-Côte d'Azur": {"Nombre": 552, "Ratio": 0.036736323705577},
    "Corse": {"Nombre": 228, "Ratio": 0.015173698921868761},
    "Guadeloupe": {"Nombre": 72, "Ratio": 0.004791694396379609},
    "La Réunion": {"Nombre": 60, "Ratio": 0.003993078663649674},
    "Guyane": {"Nombre": 48, "Ratio": 0.003194462930919739},
    "Mayotte": {"Nombre": 45, "Ratio": 0.0029948089977372555},
    "Martinique": {"Nombre": 36, "Ratio": 0.0023958471981898044},
    "Provence-Alpes-Côte d'Azur, Auvergne-Rhône-Alpes": {"Nombre": 36, "Ratio": 0.0023958471981898044},
    "Auvergne-Rhône-Alpes, Provence-Alpes-Côte d'Azur": {"Nombre": 24, "Ratio": 0.0015972314654598696},
    "Pays de la Loire, Normandie": {"Nombre": 24, "Ratio": 0.0015972314654598696},
    "Occitanie, Nouvelle-Aquitaine": {"Nombre": 24, "Ratio": 0.0015972314654598696},
    "Nouvelle-Aquitaine, Occitanie": {"Nombre": 24, "Ratio": 0.0015972314654598696},
    "Hauts-de-France, Normandie": {"Nombre": 24, "Ratio": 0.0015972314654598696},
    "Bourgogne-Franche-Comté, Centre-Val de Loire": {"Nombre": 18, "Ratio": 0.0011979235990949022},
    "Bourgogne-Franche-Comté, Auvergne-Rhône-Alpes": {"Nombre": 18, "Ratio": 0.0011979235990949022},
    "Auvergne-Rhône-Alpes, Bourgogne-Franche-Comté": {"Nombre": 18, "Ratio": 0.0011979235990949022},
    "Normandie, Centre-Val de Loire": {"Nombre": 12, "Ratio": 0.0007986157327299348},
    "Bretagne, Pays de la Loire": {"Nombre": 12, "Ratio": 0.0007986157327299348},
    "Centre-Val de Loire, Normandie": {"Nombre": 12, "Ratio": 0.0007986157327299348},
    "Pays de la Loire, Bretagne": {"Nombre": 12, "Ratio": 0.0007986157327299348},
    "Île-de-France, Centre-Val de Loire": {"Nombre": 9, "Ratio": 0.0005989617995474511},
    "Provence-Alpes-Côte d'Azur, Occitanie": {"Nombre": 7, "Ratio": 0.0004658591774257953},
    "Grand Est, Bourgogne-Franche-Comté": {"Nombre": 6, "Ratio": 0.0003993078663649674},
    "Occitanie, Auvergne-Rhône-Alpes": {"Nombre": 6, "Ratio": 0.0003993078663649674},
    "Auvergne-Rhône-Alpes, Occitanie": {"Nombre": 6, "Ratio": 0.0003993078663649674},
    "Centre-Val de Loire, Bourgogne-Franche-Comté": {"Nombre": 6, "Ratio": 0.0003993078663649674},
    "Occitanie, Provence-Alpes-Côte d'Azur": {"Nombre": 5, "Ratio": 0.0003327565553041395},
    "Bourgogne-Franche-Comté, Grand Est": {"Nombre": 3, "Ratio": 0.0001996539331824837},
    "0": {"Nombre": 3, "Ratio": 0.0001996539331824837}
  }
  